feature,importance_mean,importance_std
avg_move_dist,1.5452287758011678,0.04894625784512017
max_foot_dist,0.7532555111228201,0.027563885818171596
n_foot,0.6411373794879788,0.020994575393137444
n_holds,0.563117470922386,0.02058785255482143
n_holds_total,0.563117470922386,0.02058785255482142
std_move_dist,0.3859076099446468,0.01921298042448498
avg_consecutive_move_x_angle,0.3632172317306945,0.019680087192181447
std_consecutive_move,0.32682595895979105,0.01138149446257613
avg_consecutive_move,0.31042882836615754,0.02009710313928544
n_hand,0.24997238796207127,0.010948471826287847
board_width,0.2362407863536197,0.011680669581092545
max_foot_dist_x_angle,0.1483922166108999,0.015239371424390023
move_dist_x_angle,0.13587654909117017,0.015483321231466642
angle,0.12402605425373225,0.014382858751795641
max_move_dist,0.05876287495326367,0.006989921491152489
max_consecutive_move,0.047491498623810656,0.0049784888513483986
hold_1302_hand,0.03874264333341089,0.010901525941823321
hold_1234_hand,0.03840039186556785,0.010411097762318687
std_foot_dist,0.0370590418925643,0.008205932637893114
avg_foot_dist,0.03505359592334658,0.008145541447980536
hold_1353_hand,0.033687105352371405,0.007199251013281629
hold_1300_hand,0.02382190888498419,0.006583963564878264
hold_1163_start,0.020441355310725773,0.004624610266297347
hold_1347_hand,0.019579028061244074,0.0049148251282880575
hold_1352_hand,0.016691505308430377,0.00611568071928832
hold_1331_hand,0.014782027420856969,0.003871924523787876
hold_1257_hand,0.014412411473473542,0.004521617985433166
hold_1340_hand,0.012616843745696094,0.004632677305209622
hold_1320_hand,0.012429539019894409,0.004690152274945142
hold_1283_hand,0.011627455485794847,0.0025374675742991927
hold_1230_hand,0.010436804299608426,0.003404919831649744
hand_foot_dist,0.009573676341130688,0.0064053640621122565
hold_1339_hand,0.009203609280864233,0.0053198633259039785
hold_1318_hand,0.009145526577211216,0.003223981119966409
hold_1254_hand,0.009103659831066868,0.0023932138882608684
hold_1285_hand,0.009071702224899036,0.001450906150332923
hold_1306_hand,0.009068291264967842,0.0018240573899624924
hold_1169_start,0.008808127183075554,0.004308644723185509
hold_1236_hand,0.008168540163081706,0.006755600762384828
hold_1287_hand,0.008047475587181574,0.002829231190575259
hold_1315_hand,0.006559290279559926,0.003579304111915348
hold_1271_hand,0.005976954132240553,0.0030863433099806432
hold_1247_hand,0.00592366165840561,0.003439443337851913
hold_1231_hand,0.005842140130819229,0.002619459044573313
hold_1289_hand,0.005841533346601047,0.003884042179636125
hold_1144_start,0.00496457156443939,0.002086105148167288
hold_1336_hand,0.0047071805224564445,0.0018269095165557526
hold_1543_hand,0.004363663215523528,0.0010148723956245774
hold_1294_hand,0.004084010804501048,0.0014594575703324839
hold_1308_hand,0.004038202837965343,0.002202580078694685
hold_1157_start,0.003940063943986316,0.0022902777849774995
hold_1133_foot,0.003664320515457331,0.0014677849134104202
hold_1322_hand,0.003540691347273839,0.003100761588085942
hold_1216_hand,0.0035050555740206322,0.002011485257918786
hold_1215_hand,0.0034973664747962375,0.0035706697803304746
hold_1142_start,0.003139249713520376,0.0014984838000973255
hold_1390_finish,0.002938774471183914,0.0013601392234116126
hold_1237_hand,0.0028325511610656218,0.0013136419757424017
hold_1198_hand,0.002683355213789862,0.0013613027461980584
hold_1392_finish,0.0026747195235420572,0.0014085415463571554
hold_1239_hand,0.002658499653777424,0.0012965537596090636
hold_1232_hand,0.0026326326386829635,0.002340815566180945
hold_1192_hand,0.002579285730321468,0.0006591346622104372
hold_1264_hand,0.0025337660655244234,0.0028300697312453145
hold_1200_foot,0.002519905025823399,0.0007515273107740194
hold_1372_hand,0.002491042055198833,0.001638419312579145
hold_1356_hand,0.0024859903708249974,0.0027507707494792513
hold_1301_hand,0.0024718974066716857,0.001915893390875254
hold_1559_hand,0.00242374560394778,0.0007394665540412018
hold_1257_start,0.002336810200649997,0.0011506516520601259
hold_1357_hand,0.0022894467445663926,0.0014545952600473271
hold_1155_start,0.002213590508597996,0.001962494167782109
hold_1337_hand,0.0021542010977177563,0.0011421440282682212
hold_1314_hand,0.0020950965842463807,0.0007441865053784
hold_1154_start,0.002037159451150372,0.0011737749400548777
hold_1219_hand,0.001984017656700909,0.0010716323130796918
hold_1234_start,0.0019762865841784993,0.001501956132319496
hold_1260_hand,0.0019644722305538266,0.0007117165545246402
hold_1270_hand,0.0019511384604004923,0.0010932437933065618
hold_1578_hand,0.0019364914609591999,0.0008330836381066684
hold_1267_hand,0.0018984268559965266,0.0016521248715788207
hold_1196_hand,0.0018882235179638052,0.00121905107897596
hold_1332_hand,0.0018510986635418946,0.0021833158134418914
hold_1131_start,0.001848528426665208,0.0010005409965661947
is_nomatch,0.0018465513716399596,0.0004529759836273104
hold_1246_hand,0.0018291353748969507,0.001179533773063159
hold_1131_foot,0.001737675568926833,0.0015749894306540818
hold_1388_finish,0.0017334425968210886,0.001607994693795843
hold_1470_foot,0.0016312657718675406,0.000547181982097988
hold_1290_hand,0.0016213201251909393,0.0016859272184467705
hold_1218_hand,0.001614135940056194,0.0008805824046233325
hold_1163_hand,0.0015790040902102342,0.0010593420497349954
hold_1477_foot,0.0015184435069760971,0.00040228368191847733
hold_1245_hand,0.0015113979987228631,0.0006330026578237925
hold_1221_hand,0.0015049079972850876,0.0023194356045239135
hold_1249_hand,0.0014693834986304166,0.0010503904455526705
hold_1297_hand,0.0014610047790408532,0.00040313806830542034
hold_1157_foot,0.0014441453356969004,0.0006630846883849499
hold_1253_hand,0.001428550709085008,0.0018139051721882359
hold_1145_start,0.0014263610042924313,0.0009549462931494163
hold_1156_start,0.0014189014036367186,0.00040024952061761535
hold_1371_hand,0.0014138208744118642,0.0016642504820876733
hold_1475_foot,0.0013459058871502227,0.0008822121454734441
hold_1272_hand,0.0013439459246519236,0.0005525501329603401
hold_1542_hand,0.0012335129015051294,0.0008329351225633832
hold_1220_hand,0.0012326156491984763,0.0004919313031433885
hold_1259_start,0.0012012525719228063,0.0006891940943848151
hold_1325_hand,0.0011787142642152083,0.0005076630563006584
hold_1486_foot,0.0011594447776362537,0.0005112313140621138
hold_1184_start,0.0011462785792347718,0.000523418281663883
hold_1166_start,0.001108808955625884,0.00121019365004121
hold_1291_hand,0.0010846781443983433,0.0006091946965396019
hold_1541_hand,0.0010628653250178478,0.00043445452532474434
hold_1240_hand,0.001059850172702248,0.0006006588820192556
hold_1205_hand,0.001048615641970807,0.0007611623630195442
hold_1369_hand,0.0010317867115306357,0.00038229445783395644
hold_1183_foot,0.0010065485719106925,0.0009936592468859132
hold_1304_hand,0.0009811951519038242,0.002142612811947139
hold_1526_foot,0.0009801832428323997,0.00024241799384678322
hold_1372_finish,0.0009644745490010153,0.0003521763110848798
hold_1507_foot,0.0009500457972269283,0.00026027364021185287
hold_1468_foot,0.0009489622420971955,0.0008606822587440683
hold_1230_start,0.0009455805685256058,0.00043363692221061196
hold_1395_finish,0.0009450546475934018,0.0023715843611715475
hold_1299_hand,0.0009322471624461315,0.0003637333859961512
hold_1137_foot,0.0009285076644362178,0.0005775736413742525
hold_1394_finish,0.0008881914930572998,0.0012797512259323327
hold_1187_start,0.0008871048768994471,0.0007447030280318157
hold_1179_hand,0.0008743847330178855,0.0003935353208740389
hold_1090_foot,0.0008703622511142539,0.00022471625033656554
hold_1471_foot,0.0008559440314815259,0.0009476746721874316
hold_1192_start,0.0008352549331703152,0.0016698639266905762
hold_1265_hand,0.0008290383098534804,0.002067405172499356
hold_1375_hand,0.0008183080051770153,0.0010764616809211915
hold_1389_finish,0.0008157299693176024,0.0004052674758806023
hold_1354_hand,0.0008142196420614534,0.001579786923844976
hold_1181_hand,0.000811608991963464,0.0003627213366858512
hold_1510_foot,0.0008108140021943599,0.00026568152664701005
hold_1522_foot,0.0007960963112087604,0.0005570262312929134
hold_1467_foot,0.0007943548777393117,0.0004887962626531835
hold_1243_hand,0.0007941079019201603,0.00033902247415518855
hold_1179_start,0.0007794801741750845,0.0004514413601411151
hold_1233_hand,0.000747454465979347,0.0011898638017999348
hold_1186_hand,0.0007465450854934552,0.0006507722969310346
hold_1535_foot,0.000738721131416531,0.0005120611270640393
hold_1513_start,0.0007275916776217306,0.00041772009380592966
foot_to_hand_ratio,0.0007241990963998468,0.0006964708974702981
hold_1540_hand,0.0007202589911790236,0.0003208353696103112
hold_1391_hand,0.0007133431318548933,0.0002851672036886436
hold_1488_foot,0.000674057189895727,0.0005516059432497553
hold_1353_finish,0.0006621613936005577,0.00041551131754047376
hold_1503_start,0.000647447937887069,0.0002910789116053318
hold_1576_hand,0.0006430961177935401,0.00023177355672243693
hold_1520_foot,0.0006386301927718607,0.0005149532548544405
hold_1496_foot,0.0006211685681273727,0.0004832184530868808
hold_1550_hand,0.0006087586676867707,0.00027776231917559386
hold_1132_start,0.0006010428187307015,0.000458066923992194
hold_1150_foot,0.0005939251129239542,0.0004845242646565988
hold_1180_start,0.0005885511252245124,0.0003017619420305226
hold_1110_foot,0.0005737573045924815,0.0006268444362494733
hold_1368_hand,0.000559033791875696,0.0009152692226256981
hold_1113_foot,0.0005570090747070156,0.000900611497381953
hold_1493_foot,0.0005415398043487451,0.0005091573302005373
hold_1295_hand,0.0005262751184028636,0.00038010162859975963
hold_1557_foot,0.000515225142587794,0.0002334041220369353
hold_1531_foot,0.0005132490355173713,0.0007432316515539069
hold_1212_hand,0.0005053789532874165,0.0005709767941671024
hold_1196_start,0.0005045456098393686,0.0002235902269600271
hold_1355_hand,0.000491742555534569,0.0014340120331868223
hold_1536_foot,0.0004901814125207737,0.000577833243905536
hold_1208_foot,0.00047267012030400847,0.00037301267289512567
hold_1541_foot,0.00046817827513554453,0.0004624126937861903
hold_1170_foot,0.0004630646048363829,0.0003691640796985361
hold_1256_hand,0.0004613695539501972,0.00027728849717781394
hold_1485_foot,0.00046025880702729174,0.0003165466608313321
hold_1517_foot,0.0004582879963507702,0.0005046935590348561
hold_1140_foot,0.0004549989343259231,0.00019731486679459547
hold_1144_foot,0.00045064481800112245,0.0007449086414713476
hold_1483_foot,0.0004469228904352418,0.0003394555403466545
hold_1096_foot,0.00044403530309351514,0.002288343234728459
hold_1174_start,0.00043365623371678376,0.0008945761968218616
hold_1349_hand,0.00043193369976097796,0.0007614171125178434
hold_1181_foot,0.0004221694040898782,0.000776330955988046
hold_1387_finish,0.00041718139932678255,0.0004923870529253924
hold_1561_hand,0.0004151708226264539,0.00026419961439865246
hold_1345_hand,0.0004117330642881445,0.0003805950936460747
hold_1197_foot,0.00040933854077620515,0.0001026482470196318
hold_1343_hand,0.00040034186023509835,0.00015692659679860573
hold_1171_start,0.0003997830285325188,0.00010769996062408432
hold_1382_hand,0.0003891390139440398,0.00025009361093368
hold_1500_foot,0.00038685575809944696,0.00044804918197165753
hold_1303_hand,0.00038487335990924356,0.00043196937439480973
hold_1516_start,0.0003844131297953135,0.00016848985868030264
hold_1269_hand,0.00038195489999817147,0.00025719847088975865
hold_1127_start,0.0003782805400575961,0.0011729277896108323
hold_1577_hand,0.00037484321259659834,0.00018830075715526537
hold_1241_hand,0.0003731909353761109,0.0006468978892163062
hold_1523_start,0.0003669532361322725,0.00019414544724218763
hold_1540_foot,0.00036582786031096325,0.0001770171104080555
hold_1147_start,0.0003607363153155907,0.0003942416627857049
hold_1218_foot,0.0003591302650731709,0.00037867034795903984
hold_1205_start,0.0003581161959429702,0.0003435102043002381
hold_1084_foot,0.000350619461953694,0.00047385242840103776
hold_1474_foot,0.00034801419379297814,0.000249152182665986
hold_1519_foot,0.00034398154365222755,0.00026244371486189945
hold_1124_foot,0.0003409674447325539,9.423842332536032e-05
hold_1288_hand,0.0003377526642173834,0.0008833942465409379
hold_1481_foot,0.00033728203873220066,0.0002739480802309306
hold_1259_hand,0.0003369181132532262,0.0003726836851747498
hold_1079_foot,0.0003346952989988328,0.00014396223888150944
hold_1594_hand,0.00032848028939818085,0.0001648508489585112
hold_1191_start,0.00031559778515637403,0.0003424511263638478
hold_1296_hand,0.00031228741537603355,0.00046760323903350856
hold_1160_start,0.00031017344533528223,0.00041089460747389684
hold_1523_hand,0.00030095257606921333,0.0002471360514161907
hold_1173_foot,0.00029483476835359126,0.00017492737532337453
hold_1597_hand,0.00029362828026069376,0.0001764084754417341
hold_1125_start,0.00029195404719422057,0.0003940758508058894
hold_1142_foot,0.0002901939684992527,0.00017224023945211739
hold_1514_start,0.000288774435356709,0.0002148826885563997
hold_1344_hand,0.0002874518942092452,0.00025974335283108634
hold_1204_foot,0.00028737147672164287,0.00018256124403171256
hold_1236_start,0.00028496191941820295,0.0008147073103795064
hold_1476_foot,0.00027731027262001273,0.0003219882352403225
hold_1161_foot,0.00027708623431672575,0.00023750248655712478
hold_1271_foot,0.00027178825907367974,0.00011025662101890688
hold_1214_foot,0.0002688012895052827,0.00021627182389819143
hold_1281_hand,0.00026531766966666483,0.00026266817251579963
hold_1298_hand,0.00026133524244675854,0.001426209882719923
hold_1387_hand,0.0002598027389587587,0.0011610037880279709
hold_1348_hand,0.0002552856700307915,0.0002544258976141154
hold_1177_start,0.0002491630796118471,0.00020692540458791043
hold_1370_finish,0.00024031379322950742,8.970072492954352e-05
hold_1555_foot,0.00023415631798309188,0.00012043646911087025
hold_1512_start,0.00023413008149779645,0.00030102439049708936
hold_1182_start,0.000232807818311187,6.720575792029889e-05
hold_1215_start,0.0002304756439744704,0.0006693462409425416
hold_1248_hand,0.00022893097185738842,0.0006752916314006647
hold_1267_foot,0.00022675292049736395,0.0003268955934357899
hold_1487_foot,0.00022619300431221402,0.00011050349159183386
hold_1252_hand,0.00022352512109327093,0.002566635650470078
hold_1208_hand,0.0002226451223122039,0.00010899824337771345
hold_1548_hand,0.00021805413756212922,0.00010740213333053864
hold_1543_start,0.00021568323876535177,0.00015916173247033268
hold_1229_hand,0.00021441059800559882,0.0003169825272900385
hold_1239_foot,0.0002103846930835651,0.00019394688054214765
hold_1249_foot,0.00021001950053356477,0.00012076766635530772
hold_1251_foot,0.00020875222538330185,0.00011277557108032037
hold_1130_foot,0.0002058943305015326,0.0009382260210113571
hold_1497_foot,0.0002022162595912702,0.0003802688723442416
hold_1219_start,0.00020068460511786236,0.00013137891339494104
hold_1251_hand,0.00019729078534100886,0.00032796808116783286
hold_1164_hand,0.00019519314324882852,0.00015072551321792136
hold_1545_foot,0.00019116985479079586,0.000137758325996543
hold_1512_foot,0.00018917603509152058,9.08180435963239e-05
hold_1192_foot,0.00018676870856710882,8.849167555661465e-05
hold_4781_start,0.0001846664753341054,0.0001378497034602671
hold_1151_foot,0.00018362154254720765,0.0003495373177066428
hold_1190_hand,0.00018187109328497985,0.00015521981942731334
hold_1378_finish,0.000180205906965214,9.010295348258848e-05
hold_1549_foot,0.0001781891783231071,0.00016373121344658186
hold_1133_start,0.00017557598377349048,0.00020389837265305752
hold_1082_foot,0.00017387931699295312,0.00038799982988374715
hold_1515_foot,0.00017064488100440033,0.00020475342896791296
hold_1531_hand,0.00016783489453573442,0.00015287760841970976
hold_1261_hand,0.00016592114400375556,0.00048487446795250443
hold_1177_hand,0.00016374708873130307,9.063143799491881e-05
hold_1497_start,0.00016260380369439442,0.00010644917695961464
hold_1095_foot,0.00016150311038973797,0.00010277470661162548
hold_1110_start,0.0001584928960617127,4.492159821325183e-05
hold_1080_foot,0.0001578629439477286,0.0001694673115916228
hold_1162_foot,0.00015768021519952936,0.00016986293403008915
hold_1590_foot,0.00015688752661331408,8.305810232464635e-05
hold_1258_hand,0.0001533645311537768,0.00014859555114163665
hold_1222_hand,0.00015303373755752857,0.0007691946874426658
hold_1172_start,0.0001517514318107871,0.0002260413249808645
hold_1210_start,0.00015160166541983155,9.924658675251111e-05
hold_1374_finish,0.00015158907176981984,6.77926938246823e-05
hold_1262_foot,0.00015049932244188825,9.592487273921008e-05
hold_1557_hand,0.00014982174304420948,6.550067715552688e-05
hold_1386_hand,0.00014542334619283004,0.00023338906517525506
hold_1513_foot,0.00014509067623493798,0.00011894283960873643
hold_1327_hand,0.000144995227651612,0.0001875254071291505
hold_1524_foot,0.0001420726903536229,0.0006440940359247499
hold_1366_hand,0.0001410123825574816,0.0002598147026511674
hold_1472_foot,0.00014065637052376178,0.0003995116672598465
hold_1263_foot,0.00013911855050872113,0.00024271330943961941
hold_1549_hand,0.00013714706403415987,4.5715688011349625e-05
hold_1100_foot,0.0001362747322754876,0.00014816845554724224
hold_1158_foot,0.00013572560618100305,0.00015568442179485068
hold_1268_hand,0.00013560583004879057,0.0016345381168436106
hold_1319_hand,0.00013544894292409903,0.001001975141433522
hold_1365_hand,0.00013390469922842653,0.00010749507335353235
hold_1530_foot,0.0001332736914340771,0.0003667280092285528
hold_1175_start,0.0001331404434604666,0.00032273473476114996
hold_1514_foot,0.00013006538977244908,0.00036662382748365143
hold_1217_hand,0.00012701434233359788,0.000897384123809368
hold_1512_hand,0.00012663888004034175,8.290460767275691e-05
hold_1515_start,0.00012492773381760357,6.967444644741384e-05
hold_1533_hand,0.00012425896200083387,8.134658559220895e-05
hold_4723_foot,0.0001197406196067119,7.573061727938391e-05
hold_1487_start,0.00011923739328256744,7.805919719808346e-05
hold_1521_start,0.00011727324946673168,0.000135214133303148
hold_1502_start,0.00011593502188178562,0.00010565075393943582
hold_1552_foot,0.00011516005457667955,0.00030808468720997564
hold_1197_start,0.00011442036536157829,0.00026159008106519614
hold_1224_hand,0.00011317534852413047,3.465273191813046e-05
hold_1107_foot,0.00011232167563808293,0.00015356340071326244
hold_1275_hand,0.00011158014474392797,8.203694628329018e-05
hold_1542_start,0.0001104934981493999,6.993998056123274e-05
hold_1167_hand,0.00011026071890478662,0.0001307673231907456
hold_1505_start,0.00010958822930620115,7.835405325110124e-05
hold_1102_start,0.00010916939208629461,6.904478595371637e-05
hold_1190_start,0.00010836435262140398,5.8590936439115914e-05
hold_1077_foot,0.00010801405015172793,0.00023285941312711482
hold_1393_finish,0.00010751060107319076,0.0004987243955057743
hold_1484_foot,0.00010660768075769767,0.00017324011538546113
hold_1553_hand,0.00010651134280519337,0.00010651134280519335
hold_1521_hand,0.00010569168964162934,6.919145258722092e-05
hold_1465_foot,0.0001048196938106205,0.0002019172264442588
hold_1544_hand,0.00010424961747528272,0.00017446974800503528
hold_1129_foot,0.00010343336865243913,7.1986577988754e-05
hold_1149_foot,0.00010331750565693021,3.810161346467874e-05
hold_1106_foot,0.00010169068682883698,0.000265926348887512
hold_1479_foot,0.00010046520658806291,0.00013541312804096626
hold_1237_foot,9.947667560223916e-05,0.0003323848410235936
hold_1514_hand,9.909733230284434e-05,0.00012136894950645134
hold_1150_start,9.813298993572861e-05,0.00010693794653928916
hold_1389_hand,9.775820428143955e-05,0.00020865264241396483
hold_1529_foot,9.760505065763425e-05,0.0005171611668715188
hold_1587_hand,9.600005205265827e-05,6.28467864644296e-05
hold_1268_foot,9.546053887712346e-05,6.521196279767608e-05
hold_1302_start,9.52076284196579e-05,4.760381420982896e-05
hold_4737_finish,9.346774408549585e-05,0.00013316241682416992
hold_1463_foot,9.255622776034311e-05,0.00014443142282649307
hold_1250_start,9.234191266411784e-05,5.553873447578946e-05
hold_1175_hand,9.04144100531079e-05,8.611034117111485e-05
hold_1494_foot,9.0056129842786e-05,0.0006089346581072787
hold_1311_hand,9.005578423115779e-05,6.637361033235629e-05
hold_1561_foot,8.903652850080767e-05,7.350717744826498e-05
hold_1105_foot,8.847005702088407e-05,5.517077372672077e-05
hold_1388_hand,8.828791502364375e-05,4.010786103800668e-05
hold_1135_foot,8.828528988096274e-05,3.974348528988282e-05
hold_1128_start,8.797286408772642e-05,0.00013512858154273306
hold_1525_hand,8.70755776902321e-05,7.965082028524117e-05
hold_1075_foot,8.69520890146802e-05,8.69520890146358e-05
hold_1148_hand,8.527169669567681e-05,9.891807222635198e-05
hold_1595_hand,8.509184813381143e-05,2.8363949377937145e-05
hold_1588_foot,8.188831739257552e-05,6.369091352755873e-05
hold_1576_foot,7.911042315584815e-05,5.4768754492472305e-05
hold_1469_foot,7.859520547490729e-05,0.00012005615944955751
hold_1199_start,7.836406163124199e-05,0.00015791345091431774
hold_1106_start,7.810489949662269e-05,2.941855147229891e-05
hold_4690_hand,7.560414965281925e-05,4.8111731597162104e-05
hold_1186_foot,7.383234344071621e-05,6.739114167531073e-05
hold_1201_hand,7.291436455614253e-05,0.0002030012824499864
hold_1326_hand,7.291250895331558e-05,7.165549279373272e-05
hold_1140_start,7.235196948793821e-05,0.00014878603417151683
hold_1188_hand,7.151435814340967e-05,7.979214178745036e-05
hold_4706_start,7.070076599042796e-05,5.716582517928516e-05
hold_4797_foot,6.935692081064815e-05,6.34429972394817e-05
hold_1078_foot,6.915907973585878e-05,0.00014173393701431695
hold_1506_foot,6.915503309006255e-05,7.13956510598729e-05
hold_1167_start,6.79151370397868e-05,0.0005283494647370336
hold_1361_hand,6.693974125266955e-05,0.00029365688528385094
hold_4747_hand,6.620079491304054e-05,6.0555987777883494e-05
hold_1130_start,6.583987651269663e-05,6.49222026926809e-05
hold_1293_hand,6.497371157707655e-05,5.5723706281445256e-05
hold_1213_hand,6.459856270979447e-05,4.872796415455802e-05
hold_1228_start,6.405507098277141e-05,0.00013127383173394517
hold_1161_start,6.391360165718396e-05,0.0002853892139119901
hold_1148_foot,6.343400406088051e-05,4.79020374411411e-05
hold_1540_start,6.219928700998967e-05,6.219928700998966e-05
hold_1232_foot,6.214787722527148e-05,2.9445884324757025e-05
hold_1302_foot,6.157352319435816e-05,4.6180142395731615e-05
hold_1242_foot,6.0040561795271505e-05,0.00012008112359039499
hold_1201_foot,5.964986148461193e-05,3.2907473596668015e-05
hold_1328_hand,5.9531284526204155e-05,3.68810098025383e-05
hold_1363_hand,5.9340119607975696e-05,0.00015128821390967236
hold_1237_start,5.923883380356543e-05,5.080527639883765e-05
hold_1242_start,5.7298623050772155e-05,3.623883112633102e-05
hold_1196_foot,5.6940938382821216e-05,5.3263370677391696e-05
hold_1166_hand,5.683337207051942e-05,3.41448327534263e-05
hold_1185_foot,5.650300342012749e-05,3.6989898595011844e-05
hold_1570_foot,5.615158420702038e-05,3.2625866550324396e-05
hold_1088_foot,5.5669498657118234e-05,4.543931084466025e-05
hold_1265_foot,5.490319069936245e-05,9.952048462931892e-05
hold_1218_start,5.487526223146855e-05,1.2270481663244221e-05
hold_1122_foot,5.401148946131418e-05,0.00013763648379017156
hold_1255_hand,5.279315450168465e-05,0.00019539461706539175
hold_1313_hand,5.2622465336704674e-05,0.0002235307133095906
hold_1244_hand,5.071160939491559e-05,7.824723718495408e-05
hold_1492_foot,5.0612120120296924e-05,9.044914944237236e-05
hold_1160_foot,4.9932407717601104e-05,0.00021478561458955668
hold_1170_start,4.8733252105370714e-05,0.0001395507966950637
hold_1123_foot,4.7126865225011194e-05,7.815106474842128e-05
hold_1202_start,4.7027237203689507e-05,0.0003497452207622701
hold_1206_foot,4.680992387688932e-05,0.0002614112993305453
hold_1277_hand,4.5718322175969386e-05,3.5413260080780535e-05
hold_1238_start,4.49536995667188e-05,4.205033551165748e-05
hold_1585_foot,4.4353522950379974e-05,2.9036196608296763e-05
hold_1244_foot,4.370606439489944e-05,0.00012908742801643982
hold_1498_start,4.331846073710732e-05,5.3054062624350107e-05
hold_1126_start,4.2397737003141425e-05,0.00020608004322786988
hold_4704_start,4.2354753688034205e-05,3.909166752142241e-05
hold_1367_finish,4.2192754204473104e-05,2.5443188103192602e-05
hold_1102_foot,4.125046064786808e-05,2.70047654815218e-05
hold_1292_hand,4.089020969861856e-05,0.00020032029847354024
hold_1248_foot,4.023898002269988e-05,3.285498960855352e-05
hold_1274_foot,4.0117018655672075e-05,4.6061939110144146e-05
hold_1373_hand,4.001544359075737e-05,9.731802565432891e-05
hold_1569_foot,3.966468357037289e-05,5.0056022791325715e-05
hold_1247_foot,3.95124899938537e-05,2.963436749539028e-05
hold_1484_start,3.910368366297767e-05,2.559937004817189e-05
hold_1355_finish,3.8712759392001137e-05,1.534045509218537e-05
hold_1262_hand,3.8008959415058995e-05,4.078918276054303e-05
hold_1252_start,3.607818123316786e-05,2.361871377676099e-05
hold_1204_hand,3.572477846800481e-05,0.00031946096057189463
hold_1171_hand,3.5354688884181586e-05,1.730825694048132e-05
hold_1288_foot,3.396030506277459e-05,2.161110322172239e-05
hold_1352_finish,3.387602429743009e-05,0.00010162807289217923
hold_4686_start,3.318311228706072e-05,3.318311228706073e-05
hold_1248_start,3.260777882447829e-05,6.521555764887333e-05
hold_1209_hand,3.212192554273852e-05,8.252272089402483e-05
hold_1121_start,3.185825560370059e-05,1.819411754117313e-05
hold_1127_foot,3.1729933926571976e-05,3.3025562310090346e-05
hold_1294_finish,3.0486557265541057e-05,4.656898544931594e-05
hold_1504_start,3.0354401957910503e-05,6.070880391562672e-05
hold_1374_hand,3.0231094175947604e-05,0.00022076227274260988
hold_1454_foot,3.0154352696620813e-05,0.0002247134325778424
hold_1226_hand,2.974356520055732e-05,4.0340720314408526e-05
hold_4746_hand,2.94796281878007e-05,3.610502343353983e-05
hold_1245_start,2.932978991645463e-05,2.9329789916410223e-05
hold_4780_start,2.90496050674216e-05,8.484868286272592e-05
hold_1378_hand,2.8812758428009565e-05,2.6870191000250262e-05
hold_1173_start,2.8685200437639224e-05,0.00017352344299429882
hold_1301_foot,2.8526946427565036e-05,2.852694642756504e-05
hold_1584_foot,2.8362733223818992e-05,6.053670151494217e-05
hold_1294_foot,2.8334694532361483e-05,2.8334694532361483e-05
hold_1094_foot,2.775804492836098e-05,1.8171906004028466e-05
hold_1571_foot,2.7536443584019744e-05,2.3995434210821856e-05
hold_1286_foot,2.721905166627181e-05,1.781905208651492e-05
hold_1580_foot,2.698229974500421e-05,3.304643323104449e-05
hold_1392_hand,2.6402292931448913e-05,1.5862192293135162e-05
hold_1114_start,2.6129521882301e-05,1.903356313689062e-05
hold_1511_foot,2.5215411443979542e-05,0.001592000162917748
hold_1347_finish,2.465969860752093e-05,0.00015588930445891127
hold_1114_foot,2.4551383199611364e-05,3.750285730936206e-05
hold_1385_finish,2.4550787299282283e-05,1.1515339966351876e-05
hold_1206_hand,2.3696572441456177e-05,0.00015750770558143335
hold_1598_foot,2.3490359886046976e-05,2.7249617468327502e-05
hold_1100_start,2.3390731296113466e-05,2.3390731296113466e-05
hold_4687_start,2.3205298691242325e-05,2.842057056116367e-05
hold_4824_foot,2.2913236190613694e-05,3.500054641996295e-05
hold_1209_start,2.269085770418844e-05,2.472678891860917e-05
hold_1260_foot,2.233887346676511e-05,4.467774693353022e-05
hold_1194_start,2.2172244943519105e-05,0.00011940119316500503
hold_1194_hand,2.035429303028913e-05,8.872230638578611e-05
hold_1364_finish,2.002303506516423e-05,1.6348739670502558e-05
hold_1163_foot,1.966981529726297e-05,0.00045432785217681536
hold_4756_finish,1.966337526733142e-05,1.6055078675093615e-05
hold_1351_hand,1.9502003267701794e-05,1.7487563148668652e-05
hold_1152_foot,1.8556913868894577e-05,0.0002088186024295073
hold_1223_foot,1.8548603856771707e-05,1.3911452892578779e-05
hold_1297_foot,1.7878232980783616e-05,1.994763762053976e-05
hold_1120_foot,1.7102428281789983e-05,5.7997156059720445e-05
hold_1172_foot,1.6622963830426052e-05,1.3572593132428126e-05
hold_1380_hand,1.6390380810715756e-05,2.5036720244752205e-05
hold_1138_start,1.5557772699148488e-05,5.55523601189114e-05
hold_1507_start,1.5334497293295613e-05,2.342383153020753e-05
hold_1118_foot,1.5168061163817193e-05,7.10554303420993e-06
hold_1525_start,1.4804784852784359e-05,1.8132084320503523e-05
hold_1224_start,1.47995957999969e-05,1.9028051742655785e-05
hold_1269_start,1.4215570080189366e-05,1.1606964366413098e-05
hold_1243_start,1.4134352167438636e-05,1.8172738500914994e-05
hold_1116_start,1.3695265574864556e-05,0.0001365076324984518
hold_1586_foot,1.353313570322534e-05,1.7399745904129245e-05
hold_1207_hand,1.3161242027992515e-05,9.212869419485324e-05
hold_1593_foot,1.284103006549131e-05,2.0499953274931677e-05
hold_1341_finish,1.2611203001089422e-05,1.029700413177499e-05
hold_1168_hand,1.2419205259073252e-05,5.836227241011547e-05
hold_1538_foot,1.2119781559993826e-05,1.0394344596456122e-05
hold_1309_foot,1.2027118831348104e-05,1.4730152106310792e-05
hold_1183_hand,1.1600558668911631e-05,7.244546566703411e-05
hold_1276_start,1.1591723403392428e-05,2.318344680670159e-05
hold_1220_start,1.1567949838608982e-05,7.673309841561562e-05
hold_1111_foot,1.1236338630027375e-05,0.0001544741169171554
hold_1278_foot,1.0417690306763205e-05,2.2509754958877875e-05
hold_1142_hand,1.0411044919300671e-05,2.654306059991952e-05
hold_4699_finish,1.0278599378210629e-05,7.19501956467131e-05
hold_1485_start,9.621917676172487e-06,3.600191934786285e-05
hold_1161_hand,9.5773488858919e-06,9.5773488858919e-06
hold_1373_finish,9.272711432850577e-06,6.86150935305234e-05
hold_4827_foot,9.240853456837784e-06,1.4115636817317826e-05
hold_4694_hand,8.94638749968646e-06,1.3667098508546568e-05
hold_1216_foot,8.6526650955987e-06,5.664498966240479e-06
hold_1278_hand,8.156763836453252e-06,4.2674451642834465e-05
hold_1365_finish,8.140638049525251e-06,3.158724746421969e-05
hold_4751_hand,8.126252766205156e-06,5.074843225911064e-05
hold_1194_foot,7.589356449244633e-06,9.866163383862591e-05
hold_1455_foot,7.248503138757023e-06,0.0003860633010872894
hold_1155_hand,7.04618664610912e-06,1.409237329221824e-05
hold_1151_start,6.91074964633831e-06,5.034006757157549e-06
hold_1335_hand,6.423476613393042e-06,1.5382441326073735e-05
hold_1098_foot,5.785015114367909e-06,2.398340567603292e-06
hold_1509_start,5.6968602663687305e-06,3.987802186350262e-05
hold_1179_foot,5.248652365641426e-06,4.3598580987956934e-05
hold_1149_hand,5.1883046885414785e-06,5.788850716006272e-06
hold_1254_foot,5.187525553762562e-06,2.7935680048068147e-05
hold_1190_foot,5.070883646940416e-06,9.191757193152277e-06
hold_1300_foot,4.651961687640593e-06,1.3955885062662727e-05
hold_1480_foot,4.617919908134205e-06,4.356536928087433e-05
hold_1093_start,4.066867875152091e-06,4.245934714638337e-05
hold_4760_start,3.893508304009252e-06,5.947432174020512e-06
hold_1144_hand,3.893142422373153e-06,2.725199695623142e-05
hold_1583_foot,3.889515726629433e-06,7.050345984538276e-06
hold_1169_foot,3.707867224411743e-06,0.00021460983995629215
hold_1277_start,3.3619942158003013e-06,2.7450567822997373e-06
hold_1566_foot,3.361302370863406e-06,7.599153950561335e-06
hold_1217_start,2.7280897834991435e-06,5.456179566748486e-06
hold_1257_foot,2.6293699231016986e-06,2.480542624289123e-05
hold_1567_foot,2.4547580846912e-06,1.202580949845444e-05
hold_1208_start,2.4244383538762904e-06,5.174659994994265e-06
hold_1227_start,2.3213766418672675e-06,8.68579605940846e-06
hold_1207_start,2.1065463773339843e-06,2.3503790229792983e-06
hold_1367_hand,1.7455761740059473e-06,0.000262691944591928
hold_1153_hand,1.2557280530733904e-06,8.790096370879322e-06
hold_1128_foot,1.21540151314381e-06,1.3436769295537588e-06
hold_1556_foot,1.1150776438206833e-06,1.0199972410650903e-06
hold_1368_finish,8.940157400161297e-07,0.00011223538328646355
hold_1112_start,7.67291862091568e-07,5.371043034260328e-06
hold_4794_finish,6.920978069091533e-07,2.0762934206164373e-06
hold_1306_foot,3.7573424978010194e-07,3.1210830845370842e-06
hold_1511_start,1.7763568394002506e-16,5.952617537887908e-05
hold_1234_foot,1.554312234475219e-16,5.5464733446730646e-05
hold_1233_foot,1.1102230246251565e-16,6.344082745002522e-05
hold_1269_foot,1.1102230246251565e-16,9.08246792177531e-05
hold_1211_start,8.881784197001253e-17,3.6509448374657393e-06
hold_1330_hand,8.881784197001253e-17,6.258215345492428e-05
hold_1361_finish,6.661338147750939e-17,8.955817636841745e-06
hold_1101_foot,6.661338147750939e-17,8.817303808997803e-05
hold_1187_hand,6.661338147750939e-17,2.477303943193565e-05
hold_1236_foot,6.661338147750939e-17,8.222684909986455e-06
hold_1260_start,4.4408920985006264e-17,8.881784197001254e-17
hold_1345_finish,4.4408920985006264e-17,7.801392799940287e-05
hold_1324_foot,2.2204460492503132e-17,9.174220680795178e-06
hold_1174_foot,2.2204460492503132e-17,2.1300992230999793e-05
hold_1596_hand,0.0,0.0
hold_1268_start,0.0,0.0
hold_1393_hand,0.0,0.0
hold_1116_foot,0.0,0.0
hold_1123_start,0.0,0.0
hold_1211_hand,0.0,0.0
hold_1095_start,0.0,0.0
hold_1136_foot,0.0,0.0
hold_4753_hand,0.0,0.0
hold_4685_start,0.0,0.0
hold_1318_foot,0.0,0.0
hold_1307_foot,0.0,0.0
hold_1494_start,0.0,0.0
hold_1495_start,0.0,0.0
hold_1369_finish,0.0,0.0
hold_1493_start,0.0,0.0
hold_4741_start,0.0,0.0
hold_1567_hand,0.0,0.0
hold_1306_finish,0.0,0.0
hold_1253_start,0.0,0.0
hold_1284_foot,0.0,0.0
hold_1362_finish,0.0,0.0
hold_1310_foot,0.0,0.0
hold_4805_foot,0.0,0.0
hold_1573_foot,0.0,0.0
hold_1520_start,0.0,0.0
hold_1158_start,0.0,0.0
hold_1092_start,0.0,0.0
hold_1147_foot,0.0,0.0
hold_1349_finish,0.0,0.0
hold_1259_foot,0.0,0.0
hold_1589_foot,0.0,0.0
hold_1558_hand,0.0,0.0
hold_1569_hand,0.0,0.0
hold_1177_foot,0.0,0.0
hold_1308_start,0.0,0.0
hold_1108_start,0.0,0.0
hold_1477_start,0.0,0.0
hold_4684_start,0.0,0.0
hold_1253_foot,0.0,0.0
hold_1251_start,0.0,0.0
hold_1588_hand,0.0,0.0
hold_1225_hand,-5.2264581196226346e-08,2.2781602804099968e-07
hold_1271_start,-9.04879014829163e-08,1.3127949002049094e-05
hold_1513_hand,-9.048790152732523e-08,4.902417351490383e-05
hold_1202_foot,-1.0650262647349251e-07,7.455183859488608e-07
hold_1307_hand,-2.6425003663010926e-07,4.15488310071931e-07
hold_1129_start,-4.5813136178018966e-07,4.438854387983264e-07
hold_1579_foot,-4.770637518580756e-07,3.962789146600607e-06
hold_1240_foot,-6.124912931060323e-07,4.287439052503522e-06
hold_1521_foot,-7.028540372155945e-07,4.222693779992564e-05
hold_1256_start,-8.036626393925772e-07,8.036626393925771e-07
hold_1152_start,-1.1569567892832922e-06,2.6102134919469865e-05
hold_1380_finish,-1.3331232217694833e-06,0.0007116066327950816
hold_1266_foot,-1.338988577170852e-06,1.112247446837136e-05
hold_1086_foot,-1.3785461378201803e-06,2.423262968400827e-05
hold_1104_start,-1.392688802215325e-06,6.822753872238779e-06
hold_1581_foot,-1.491181772594885e-06,1.491181772594885e-06
hold_1376_finish,-2.00327130839284e-06,1.664042125483662e-05
hold_1274_start,-2.1723914799265387e-06,1.1698686145184168e-05
hold_1270_foot,-2.4736292829397043e-06,2.473629283006318e-06
hold_1195_foot,-2.629549082033833e-06,6.7040610408597605e-06
hold_1308_foot,-2.732508166847225e-06,1.0224109367141417e-05
hold_1453_foot,-2.761004599860506e-06,4.345725968425507e-06
hold_4836_foot,-3.196357375623293e-06,4.882516540641379e-06
hold_1331_finish,-3.3843599577476625e-06,2.8112605186158837e-05
hold_1244_start,-3.388252109726153e-06,4.149744394368838e-06
hold_1191_hand,-4.048644680509916e-06,8.641324961015595e-06
hold_1159_foot,-4.382568514205154e-06,3.640434820209265e-05
hold_1490_foot,-5.593980415175004e-06,0.0004350419692551345
hold_1212_start,-6.108682529459842e-06,9.849954611083834e-06
hold_1145_foot,-6.28273787670608e-06,0.0002539352041817021
hold_1377_finish,-6.537241152493323e-06,4.279628916783001e-06
hold_1089_foot,-6.83645627614915e-06,0.00017416199423822787
hold_1543_foot,-7.113613331899415e-06,0.00022517941461795135
hold_1280_hand,-7.13606005793288e-06,2.2339401533947907e-05
hold_1113_start,-7.29751436367998e-06,8.937593290868835e-06
hold_1182_foot,-7.395226892459306e-06,6.825485352955105e-06
hold_1340_finish,-7.849966120221375e-06,3.8019121143052182e-06
hold_1184_foot,-7.875943990964807e-06,4.731776077106162e-06
hold_1362_hand,-8.2843643994579e-06,6.76415520731675e-06
hold_1379_finish,-8.422726476076114e-06,5.892497735672683e-05
hold_1350_finish,-8.633415526371202e-06,2.5900246579446673e-05
hold_1143_hand,-9.565809386913316e-06,2.869742816108535e-05
hold_1550_foot,-9.665801179048471e-06,3.244590841253137e-05
hold_1308_finish,-9.835750177034085e-06,9.279028159025624e-05
hold_1165_foot,-1.043633436890179e-05,0.00013567234679671392
hold_1193_hand,-1.0439427959707537e-05,0.00012742945798825263
hold_1227_hand,-1.0510944533903554e-05,0.00019065126591126608
hold_1285_foot,-1.0551689354398874e-05,5.165689651605512e-06
hold_1104_foot,-1.066638966249478e-05,0.00044842295438438356
hold_1226_start,-1.0728678070659469e-05,7.510074649537758e-05
hold_1539_foot,-1.0837342950287265e-05,5.0250692013421774e-05
hold_1107_start,-1.1208145946817183e-05,2.241629189385641e-05
hold_1287_foot,-1.1331949622883641e-05,7.418502416898653e-06
hold_4718_finish,-1.1414796912023739e-05,2.282959382410299e-05
hold_1249_start,-1.1750178596425798e-05,2.3500357192851596e-05
hold_1356_finish,-1.176212689928402e-05,3.528638069819746e-05
hold_1320_foot,-1.2137090843289399e-05,9.909893175955005e-06
hold_1122_start,-1.2172478811289799e-05,7.698551562805066e-06
hold_1132_foot,-1.2327982125270864e-05,8.629587487689605e-05
hold_1176_foot,-1.4504300351525501e-05,6.322277947921395e-05
hold_1255_start,-1.475768202396921e-05,1.475768202396921e-05
hold_1289_start,-1.504770902764907e-05,9.851037950696028e-06
hold_1309_hand,-1.5110409599516928e-05,5.635909743421654e-05
hold_1176_hand,-1.518206924457921e-05,0.00010627448471230825
hold_1175_foot,-1.5252766022322284e-05,8.213865879507306e-05
hold_1099_foot,-1.5340548333964144e-05,0.0002212343033759966
hold_1363_finish,-1.556847885886281e-05,1.556847885886281e-05
hold_1364_hand,-1.58547314480284e-05,2.1139641930834066e-05
hold_1281_start,-1.586468241816519e-05,1.2953458951936084e-05
hold_1118_start,-1.6078745114866953e-05,0.00010041173106013326
hold_1240_start,-1.6723994940193166e-05,2.150227920892552e-05
hold_1316_hand,-1.6774882385295344e-05,7.522765368219445e-05
hold_4798_foot,-1.707688192993384e-05,1.3943215708697447e-05
hold_1562_foot,-1.709932440889794e-05,0.00011042603391538842
hold_1354_finish,-1.768399459995962e-05,1.7683994599959615e-05
hold_1169_hand,-1.7784960115263536e-05,0.00018051016882236726
hold_1188_foot,-1.7996040197387765e-05,1.3912151204484212e-05
hold_1539_hand,-1.8038684466792353e-05,4.696220983700076e-05
hold_1310_hand,-1.8385317331648386e-05,8.01397402942699e-05
hold_1180_foot,-1.8687955212559616e-05,2.28879773033781e-05
hold_1275_foot,-1.89970969044273e-05,2.442483887730409e-05
hold_1578_foot,-1.9304069866366012e-05,1.5761707043877795e-05
hold_1448_foot,-2.0573351366715008e-05,3.7492005659401685e-05
hold_1563_foot,-2.0750120542567528e-05,1.1857211738697248e-05
hold_1109_start,-2.137790098559744e-05,0.0001106247565136933
hold_1366_finish,-2.16237782533657e-05,1.4156085808141184e-05
hold_1258_start,-2.1784059170393276e-05,1.0892029585224395e-05
hold_1213_start,-2.2341284856697287e-05,6.67794156715303e-05
hold_1214_start,-2.2842461014116465e-05,7.652129735770783e-05
hold_1312_hand,-2.339507270157082e-05,5.178514506874107e-05
hold_4775_finish,-2.4174704189072748e-05,3.1081762528913556e-05
hold_1198_foot,-2.438800883548531e-05,4.1286099471099025e-05
hold_1232_start,-2.4505243046091252e-05,3.951351712462292e-05
hold_1243_foot,-2.514677129981102e-05,2.0532252787667168e-05
hold_1267_start,-2.6234348278575403e-05,1.717441239920089e-05
hold_1076_foot,-2.6620364104434912e-05,0.00011082941369977284
hold_1111_start,-2.6661916904036076e-05,3.26540459896869e-05
hold_1564_foot,-2.69123022203166e-05,5.744093821076816e-05
hold_1108_foot,-2.807321554476605e-05,2.0438468266394688e-05
hold_1120_start,-2.8414920313024616e-05,2.4369620191087834e-05
hold_1162_hand,-2.847227236015826e-05,6.0770499081557856e-05
hold_4800_foot,-2.8862148431851865e-05,7.214583930110066e-05
hold_1577_foot,-2.945431559000511e-05,1.9282375819188042e-05
hold_1220_foot,-3.0330163284286726e-05,4.381023585521367e-05
hold_1371_finish,-3.0335848170226497e-05,9.100754451097555e-05
hold_1096_start,-3.1609327252724026e-05,1.547467606358481e-05
hold_1092_foot,-3.227444609035235e-05,0.00021310139779808068
hold_1212_foot,-3.336362773211921e-05,0.00030164848249062364
hold_1359_finish,-3.3816207309911306e-05,9.192508316125182e-05
hold_1546_foot,-3.3966786990058394e-05,3.822835749386686e-05
hold_1165_start,-3.455800617617744e-05,4.9088811237325886e-05
hold_1215_foot,-3.479867210653964e-05,3.479867210653964e-05
hold_1501_foot,-3.505883062764337e-05,0.00044906430643696873
hold_1225_start,-3.563117830802653e-05,4.363910289439473e-05
hold_1241_start,-3.647161314235259e-05,6.0481328146172885e-05
hold_1334_hand,-3.6689729882866115e-05,2.0451904746645405e-05
hold_1117_start,-3.745602393729896e-05,9.876733457287372e-05
hold_1304_foot,-3.789039508896863e-05,3.0937378040143595e-05
hold_1183_start,-3.820938360228343e-05,0.0006832341068443572
hold_1165_hand,-3.889429540466782e-05,5.218217307713655e-05
hold_1073_foot,-3.92951783675155e-05,3.208437878412353e-05
hold_1170_hand,-3.97415239826282e-05,1.9870761991332602e-05
hold_1195_start,-3.982760759828619e-05,5.3936787253644476e-05
hold_1351_finish,-4.043216195437349e-05,2.6469063238090027e-05
hold_1214_hand,-4.070918522405265e-05,0.001268501652698303
hold_1193_start,-4.1324768884098974e-05,2.472674345086922e-05
hold_1528_foot,-4.2772586000938695e-05,0.0001561178307813218
hold_1350_hand,-4.317152041710681e-05,4.772791161760093e-05
hold_1229_start,-4.378729461687048e-05,6.286526638369006e-05
hold_1254_start,-4.48714509806436e-05,2.1967287151456637e-05
hold_1191_foot,-4.495688916843488e-05,4.313474423828782e-05
hold_1282_hand,-4.506432743336397e-05,4.137817620493707e-05
hold_1580_hand,-4.6257209177813506e-05,9.251441835571028e-05
hold_1305_foot,-4.6698458139005085e-05,2.9534698187548082e-05
hold_1377_hand,-4.793050683407074e-05,2.7455646958212057e-05
hold_1303_foot,-4.8324378518604935e-05,3.758562773672798e-05
hold_1574_foot,-4.975004005454142e-05,7.599444145907969e-05
hold_1178_hand,-5.090017617881415e-05,0.00014973441651175426
hold_1360_hand,-5.223804549725486e-05,2.70877022926606e-05
hold_1532_foot,-5.2268983275416406e-05,0.00013347190800451416
hold_1199_foot,-5.3304641388307594e-05,2.4489562242785284e-05
hold_1518_foot,-5.3600298251255116e-05,0.00016323835755841241
hold_1223_start,-5.378849450534684e-05,0.00021848989754484933
hold_1195_hand,-5.490669231429379e-05,0.0005953619496035324
hold_1098_start,-5.578330883726501e-05,5.218050739244085e-05
hold_1551_hand,-5.608894438104972e-05,6.869464697245874e-05
hold_1136_start,-5.6260505672312e-05,0.0002735763271232848
hold_1099_start,-5.643137280089139e-05,2.8215686400445698e-05
hold_1093_foot,-5.724090971150897e-05,4.418299314166871e-05
hold_1575_foot,-5.83451475692387e-05,4.5193956973586725e-05
hold_1210_foot,-5.8572656658983924e-05,0.00015581025670055482
hold_1160_hand,-5.9456948201552785e-05,3.892370938924059e-05
hold_1498_foot,-5.957117775876597e-05,0.00018137036659272407
hold_1206_start,-6.033912226486304e-05,4.395290883739907e-05
hold_1235_start,-6.078951138355215e-05,0.0001823685341511252
hold_1210_hand,-6.161470291958793e-05,0.00013250742893681768
hold_1385_hand,-6.161933929436093e-05,5.2767649638711916e-05
hold_1085_foot,-6.30859728882438e-05,2.990650821219061e-05
hold_1250_foot,-6.408533893973445e-05,0.00010005320335144224
hold_1333_hand,-6.460585044678612e-05,0.0001302048876896096
hold_1294_start,-6.489150436372881e-05,5.026474314221352e-05
hold_1383_finish,-6.584322600442505e-05,0.001180032987296314
hold_1246_foot,-6.921860580038075e-05,0.0003535481184013268
hold_1147_hand,-7.22754753041066e-05,5.802079810683011e-05
hold_1185_start,-7.311572625305907e-05,3.1777081229859906e-05
hold_1115_foot,-7.337260434330251e-05,8.572568099893537e-05
hold_1141_foot,-7.33804601193322e-05,0.00011537831270475892
hold_1168_foot,-7.37406898318138e-05,7.944075182644864e-05
hold_1146_start,-7.618749448690121e-05,6.425493972323967e-05
hold_1231_start,-7.658414100399912e-05,0.00021320122552045655
hold_1391_finish,-7.67570141487317e-05,0.00019762989616648835
hold_1222_start,-7.775780194303472e-05,7.176720146095009e-05
hold_1323_hand,-7.81591186310493e-05,6.215360907687895e-05
hold_1181_start,-7.869991967375256e-05,4.0413472264997245e-05
hold_1205_foot,-7.901567326533687e-05,0.00027365808389928734
hold_1452_foot,-8.001472317920033e-05,5.715314811970893e-05
hold_1097_foot,-8.027890300694729e-05,7.824619578362419e-05
hold_1159_start,-8.215453196518397e-05,6.595143778237714e-05
hold_1233_start,-8.217792503084631e-05,6.709799481542101e-05
hold_1302_finish,-8.346289532141782e-05,4.173144766070891e-05
hold_1203_foot,-8.414751180381152e-05,0.00038679378183775753
hold_1252_foot,-8.637865235063824e-05,0.000146815477964671
hold_1137_start,-8.642329041721463e-05,7.484476498001862e-05
hold_1282_foot,-8.668718811102316e-05,6.742336853083105e-05
hold_1091_foot,-8.74330231024567e-05,0.0002661719936588184
hold_1135_start,-9.053738893987085e-05,0.00012928699811732332
hold_1376_hand,-9.225508193673182e-05,7.175395261750215e-05
hold_1178_foot,-9.533654990554475e-05,0.0001271153998741892
hold_1216_start,-9.572050033783697e-05,0.00019877854806951768
hold_1466_foot,-9.665957857645236e-05,0.0001922909055643113
hold_1074_foot,-9.938672313170027e-05,6.785630163880144e-05
hold_1462_foot,-9.974357450661663e-05,0.00015902019047922528
hold_1342_hand,-0.00010021335660392872,6.720306065078602e-05
hold_1184_hand,-0.00010245218266746736,0.0005225391836696446
hold_1560_foot,-0.00010520864043026546,7.90554449264006e-05
hold_1568_foot,-0.00010545512386646027,7.300739344606979e-05
hold_1533_foot,-0.00010551778812923906,0.00030698297249890695
hold_1156_foot,-0.00010561698376942985,0.00022520869679277286
hold_1226_foot,-0.00010665081909484453,6.981935020445238e-05
hold_1204_start,-0.00011122375216876534,0.0003472503394746542
hold_1358_hand,-0.00011359176441148034,0.0007505083587237199
hold_1246_start,-0.00011461588701278114,0.00010484282344661425
hold_1527_foot,-0.00011561422574211112,5.1454792115804046e-05
hold_1461_foot,-0.0001161995106839564,0.0004930250525947346
hold_1457_foot,-0.00011653254615022757,0.00016467697295199961
hold_1558_foot,-0.00011738053787977432,0.0001483756490564322
hold_1281_foot,-0.0001178605630306917,0.00010118490226479578
hold_1201_start,-0.0001178759851269362,0.0003008934110188102
hold_1491_foot,-0.0001189961993817601,0.0003104331478361317
hold_1200_start,-0.00011937975657252408,0.0008003221080929892
hold_1502_foot,-0.00012364720566848675,0.0002261532802079314
hold_1324_hand,-0.00012385749053414052,0.00027904709538329706
hold_1499_foot,-0.0001288434689302287,0.00015572563161905687
hold_1480_start,-0.00013580055447086624,0.0001253382362628271
hold_1148_start,-0.0001366218796319485,0.0011801864982194763
hold_1162_start,-0.00013859883569531384,0.00013634011520935444
hold_1565_foot,-0.00013898484297503177,0.00035341426702958516
hold_1559_foot,-0.00014097264018970713,0.0001963160313539186
hold_1242_hand,-0.00014106373625650815,7.300760959200276e-05
hold_1525_foot,-0.00014161711325610948,0.00017120683146012745
hold_1081_foot,-0.00014172272976009648,9.901070613710975e-05
hold_1375_finish,-0.00014348336373830594,0.00019301717318035862
hold_1473_foot,-0.00014451600494294058,0.0001687465059861008
hold_1346_hand,-0.0001490716044232565,9.759027303406086e-05
hold_1171_foot,-0.00015506124779869347,0.00036522674430228725
hold_1390_hand,-0.00015643389653439144,0.0004441324457116203
hold_1386_finish,-0.0001570571494579287,0.00048724147423972623
hold_4795_foot,-0.0001617187650235996,8.085938251179982e-05
hold_1279_hand,-0.00016228185244129278,0.00018805036692365928
hold_1284_hand,-0.00016590024261580182,0.0003983262443319071
hold_1255_foot,-0.0001672494638295774,0.00015128283215758704
hold_1103_foot,-0.00016911214148771503,0.000434930412533355
hold_1289_foot,-0.0001713796713323168,8.568983566619171e-05
hold_1544_foot,-0.0001738878194568638,0.0002698791576782835
hold_1164_start,-0.0001748953810734033,0.00014362445321614608
hold_1119_start,-0.00017550889570994155,0.00010787413777652975
hold_1221_start,-0.00017785646099341968,0.0002752076623573808
hold_1381_finish,-0.00018074511946806205,0.0003158739136050195
hold_1247_start,-0.0001883393804575917,0.00022284616021733299
hold_1276_hand,-0.00019103833133367055,0.0004234808218434789
hold_1189_hand,-0.00019481491220765256,0.00021874640088926698
board_height,-0.00020030207723111814,0.0004384695226876226
hold_1115_start,-0.0002070631514266452,8.397536152381397e-05
hold_1273_foot,-0.00021273766314515717,0.0002019133099296205
hold_1341_hand,-0.00021288923316185038,0.0003986335264498305
hold_1231_foot,-0.00022018649904156362,0.00029707540052023774
hold_1503_foot,-0.00022432718109230976,0.0006509310073865235
hold_1370_hand,-0.00022532029103095041,0.00019825735048599518
hold_1505_foot,-0.00022605934523509675,0.0002919666508464176
hold_1189_start,-0.00022940163321614194,0.0001918556678206793
hold_1449_foot,-0.0002480258319502271,0.00025915994590884996
hold_1572_foot,-0.00024897559426413364,0.0002277459517375238
hold_density,-0.0002537996725412217,0.0002106104932939305
hold_1383_hand,-0.00025603052923095504,0.00024255608404925196
hold_1202_hand,-0.000258043081538184,0.00028898475400753886
hold_1200_hand,-0.0002692997379697859,0.0016221650615193923
start_finish_dist,-0.0002783373426228364,0.0009349513617136582
hold_1338_hand,-0.0002804881944624249,0.0010676849068620596
hold_1451_foot,-0.00028080364029592353,0.0008234581950102999
hold_1087_foot,-0.0002815274409218027,0.0001618696731357066
hold_1554_foot,-0.00028656039357428665,0.0005977391326919974
hold_1266_hand,-0.00030161671180484184,0.00020725275984235988
hold_1384_hand,-0.0003021250371554096,0.00028441460204671075
hold_1238_hand,-0.00030641617894482386,0.0006311767235395171
hold_1274_hand,-0.00031490385829948677,0.00019957372792323328
hold_1273_hand,-0.00033985918875736323,0.0006346873503460999
hold_1329_hand,-0.00034114374409701667,0.00022858934065558592
hold_1489_foot,-0.0003435972065535697,0.00047096653762826007
hold_1221_foot,-0.00035000774220668164,0.0003124550703100088
hold_1504_foot,-0.00035509840789982317,0.000507325485841042
hold_1464_foot,-0.00036060247502178733,0.0005114444069064074
hold_1317_hand,-0.00036270891198195707,0.002869791752837338
hold_1168_start,-0.00036578612171151993,0.0001462792225116652
hold_1456_foot,-0.0003746506125638982,0.0002900944393901975
hold_1182_hand,-0.00038063814315372204,0.00047304999462722885
hold_1537_foot,-0.0003812710503898753,0.00042612646808290905
hold_1551_foot,-0.00039360294392725147,0.00015200331656897603
hold_1509_foot,-0.00039827808030412637,0.00011840542239889955
hold_1203_start,-0.0004103016256360448,0.0003340163167642371
hold_1146_foot,-0.0004110068686667523,0.00023689447358963916
hold_1542_foot,-0.0004118799874917922,0.00032360927659164454
hold_1134_start,-0.00042570213282950854,0.0011636425471350529
hold_1139_start,-0.00043449529101673433,0.0004529108000770262
hold_1083_foot,-0.0004495085084017525,0.0004984827685887869
hold_1382_finish,-0.0004638766529362792,0.000609726030882335
hold_1213_foot,-0.0004954205391259458,0.0005004412682914883
hold_1239_start,-0.0005035812205451462,0.0006580782029464767
hold_1523_foot,-0.0005060447743990171,0.00044653321470668005
hold_1235_foot,-0.0005086489095313951,0.00022181867423241868
hold_1458_foot,-0.000516004014134741,0.0010026747462058157
hold_1124_start,-0.0005233084208095207,0.0003067557866079009
hold_1547_foot,-0.0005410655139898246,0.0004194783026463533
hold_1447_foot,-0.0005420757822704126,0.00028874512866544936
hold_1508_foot,-0.0005572060138265611,0.0002157771678375381
hold_1450_foot,-0.0005896471533141989,0.0007096601532358013
hold_1219_foot,-0.000590615020388463,0.0003572260469545227
hold_1166_foot,-0.0006093169771690388,0.00047633434522341184
hold_1117_foot,-0.0006426808823792873,0.00040966564792079956
hold_1178_start,-0.0006466646626240635,0.0006206584805070086
hold_1176_start,-0.0006487162902808485,0.0003720907412293679
hold_1228_hand,-0.0006718744105959074,0.001442158691898807
hold_1263_hand,-0.0006775193101306476,0.0006628054382383115
hold_1188_start,-0.0006914441337129817,0.00020754717956127227
hold_1548_foot,-0.0007029050381494928,0.0004034209761687936
hold_1197_hand,-0.0007198119904850975,0.0003995113835354681
hold_1153_start,-0.0007310494221839825,0.0004828316419575308
hold_1321_hand,-0.0007320878501853034,0.0005028736707458951
hold_1143_start,-0.00073668771840123,0.0007964001806211833
hold_1149_start,-0.000746749587055584,0.00047750141494219
hold_1384_finish,-0.0007559293048245541,0.0006325122683121906
hold_1359_hand,-0.0007601854602047764,0.0029834617676322323
hold_1198_start,-0.0007631950463653725,0.0009880594491488324
hold_1286_hand,-0.0007732673436615211,0.003066925961429373
hold_1495_foot,-0.0007734444644603488,0.00038236131066893823
hold_1478_foot,-0.0007866873329300361,0.000448096483161029
hold_1154_foot,-0.0007981203583391716,0.0010117398668620886
hold_1460_foot,-0.0008275476346257804,0.001031173842000476
hold_1553_foot,-0.0008401548156643512,0.000529875570591816
hold_1180_hand,-0.000917960901135495,0.0007270796089507691
hold_1186_start,-0.0009569418450711131,0.0011989260892257601
hold_1459_foot,-0.0009776374904929331,0.0009093637027023772
hold_1482_foot,-0.0009914860237916212,0.0004277287170033492
hold_1516_foot,-0.0010269695924151501,0.0007350491425352591
hold_1141_start,-0.0011384911104425743,0.0004170924063128839
hold_1235_hand,-0.0011994506234925151,0.0010954214625626068
hold_1223_hand,-0.0012113354529268649,0.00125941760496298
hold_1203_hand,-0.0015050337396672387,0.001555287541579567
hold_1185_hand,-0.0015647642133244765,0.0007261385243928738
hold_1534_foot,-0.0016212443180637858,0.0009722608841633099
hold_1305_hand,-0.0017776751242641665,0.0009377530038419178
hold_1199_hand,-0.0018118452587406741,0.0005355616373339295
hold_1250_hand,-0.0025153446035192763,0.0025452340757893604
